"arm","trio.index","SNP","cis.gene","trans.gene","n.PCs","old.model","new.model","old.class","new.class","model.changed","class.changed","indicators.changed","old.T1T2.edge","new.T1T2.edge","old.b11","new.b11","old.b12","new.b12","old.b21","new.b21","old.b22","new.b22","old.V1:T1","new.V1:T1","old.V1:T2","new.V1:T2","old.pb11","new.pb11","old.pb12","new.pb12","old.pb21","new.pb21","old.pb22","new.pb22","old.pV1:T1","new.pV1:T1","old.pV1:T2","new.pV1:T2","any.change"
"CSq",62,"chr2_151290158_G_T_b38","TNFAIP6","PELATON",35,"M4","M3","M4","M3",TRUE,TRUE,"b12;b22",1,0,1,1,1,0,1,1,1,0,1,1,1,1,6.32451641217327e-37,4.51077955115516e-36,0.00524643188142288,0.0104327841062235,5.98142245370173e-05,0.000102945811164969,0.00524643188142292,0.0104327841062236,3.18009050865722e-26,3.18009050865722e-26,1.14427598771236e-06,1.14427598771236e-06,TRUE
"CSq",68,"chr2_189661498_C_T_b38","ASNSD1","ARMC10",32,"M3","M0.1","M3","M0",TRUE,TRUE,"b21",0,0,1,1,0,0,1,0,0,0,1,1,1,1,3.71004383513559e-59,3.89446655002823e-60,0.0155336700462428,0.011083178026022,0.00899145488321177,0.0113069004641155,0.0155336700462432,0.0110831780260218,6.04560978248971e-66,6.04560978248971e-66,2.14734939728462e-09,2.14734939728462e-09,TRUE
"CSq",72,"chr8_2134028_G_C_b38","MYOM2","RNF222",37,"M0.1","M3","M0","M3",TRUE,TRUE,"b21",0,0,1,1,0,0,0,1,0,0,1,1,1,1,2.32176537515963e-19,1.32765489287347e-19,0.0197065351253123,0.0216165628190547,0.0109733911399633,0.0096000927135224,0.0197065351253124,0.0216165628190553,3.84556912827739e-23,3.84556912827739e-23,4.12823099250955e-06,4.12823099250955e-06,TRUE
"CSq",198,"chr6_144090201_G_A_b38","PLAGL1","PAQR7",36,"M3","M4","M3","M4",TRUE,TRUE,"b12;b22",0,1,1,1,0,1,1,1,0,1,1,1,1,1,3.95239796181518e-29,1.44148024742747e-28,0.0276771108681852,0.00914970150331783,1.12909232834608e-09,5.39509203110218e-09,0.0276771108681846,0.00914970150331798,1.17114135029697e-31,1.17114135029697e-31,1.68834524652439e-17,1.68834524652439e-17,TRUE
"CSq",271,"chr11_34897505_TAGAC_T_b38","APIP","TMEM14C",29,"M3","M4","M3","M4",TRUE,TRUE,"b12;b22",0,1,1,1,0,1,1,1,0,1,1,1,1,1,2.59008791954369e-41,2.0472087456855e-40,0.0163838942053094,0.00443912993332128,0.00327245855120768,0.00747169035065053,0.0163838942053097,0.00443912993332136,1.66267868952127e-39,1.66267868952127e-39,1.44616351930181e-11,1.44616351930181e-11,TRUE
"CSq",294,"chr3_100505413_GATTTC_G_b38","TMEM45A","MYEF2",23,"M3","M4","M3","M4",TRUE,TRUE,"b12;b22",0,1,1,1,0,1,1,1,0,1,1,1,1,1,1.24221072429221e-16,1.28017072401325e-16,0.0147249850551031,0.00947040523396728,0.002336279683094,0.00259190383581777,0.0147249850551031,0.0094704052339673,1.189916327398e-18,1.189916327398e-18,8.58209313459391e-06,8.58209313459391e-06,TRUE
"CSq",300,"chr7_45063882_A_G_b38","CCM2","ENSG00000243144",29,"M3","M0.1","M3","M0",TRUE,TRUE,"b21",0,0,1,1,0,0,1,0,0,0,1,1,1,1,7.63109070957154e-32,5.14488384600032e-32,0.245955587014679,0.165003298721719,0.00493787781688133,0.0109295626960598,0.245955587014678,0.16500329872172,2.82156789182906e-32,2.82156789182906e-32,8.13810043590251e-06,8.13810043590251e-06,TRUE
"CSq",416,"chr2_74513834_C_T_b38","LBX2-AS1","ENSG00000274767",32,"M3","M4","M3","M4",TRUE,TRUE,"b12;b22",0,1,1,1,0,1,1,1,0,1,1,1,1,1,8.87151748816777e-18,4.87913808837216e-18,0.0107240476241765,0.00553669063521762,3.76836778813435e-05,4.86124349353476e-05,0.0107240476241764,0.00553669063521745,3.76734796283358e-23,3.76734796283358e-23,2.56011182757453e-07,2.56011182757453e-07,TRUE
"CSq",434,"chr10_120848420_G_A_b38","WDR11","SOCS6",32,"M3","M0.1","M3","M0",TRUE,TRUE,"b21",0,0,1,1,0,0,1,0,0,0,1,1,1,1,9.69737050596927e-23,9.58502179400841e-24,0.022628755497367,0.0338772180297539,0.00958563665886282,0.0150772918621569,0.022628755497367,0.0338772180297538,4.10959317426286e-23,4.10959317426286e-23,1.59552503159501e-08,1.59552503159501e-08,TRUE
"CSq",566,"chr6_36024555_T_C_b38","SLC26A8","LINC02481",36,"M0.1","M3","M0","M3",TRUE,TRUE,"b21",0,0,1,1,0,0,0,1,0,0,1,1,1,1,1.48023966293077e-12,1.56646195167943e-12,0.345051550122006,0.387174120095931,0.0112609348671609,0.00927958071185064,0.345051550122004,0.387174120095933,2.87304456615729e-08,2.87304456615729e-08,8.63362529222183e-06,8.63362529222183e-06,TRUE
"CSq",578,"chr20_8427897_A_G_b38","PLCB1","ZFP62",38,"M4","M3","M4","M3",TRUE,TRUE,"b12;b22",1,0,1,1,1,0,1,1,1,0,1,1,1,1,2.43022313528979e-14,1.45464039610625e-14,0.00991851987796332,0.0110712195702632,0.000108340869920732,8.55899063567814e-05,0.00991851987796338,0.0110712195702635,9.19414312687567e-08,9.19414312687567e-08,1.31612690934817e-06,1.31612690934817e-06,TRUE
"CSq",634,"chr1_22487407_C_T_b38","ZBTB40","HEXA",49,"M3","M4","M3","M4",TRUE,TRUE,"b12;b22",0,1,1,1,0,1,1,1,0,1,1,1,1,1,3.61198116414943e-13,2.79835572015361e-13,0.0138694439445647,0.00961399067949964,1.0019136864235e-05,8.5443766347084e-06,0.0138694439445647,0.00961399067949938,2.60971092724216e-08,2.60971092724216e-08,3.42231282291555e-07,3.42231282291555e-07,TRUE
"CSq",643,"chr14_77445894_C_T_b38","VIPAS39","ARMC10",38,"M0.1","M3","M0","M3",TRUE,TRUE,"b21",0,0,1,1,0,0,0,1,0,0,1,1,1,1,2.73277805376561e-15,3.43527771892317e-15,0.197044026349061,0.224171339182715,0.0123629647473254,0.00741369169401872,0.19704402634906,0.224171339182714,7.79663163637023e-11,7.79663163637023e-11,3.28520786073195e-06,3.28520786073195e-06,TRUE
"CSq",725,"chr2_37279023_T_C_b38","PRKD3","IL19",31,"M0.1","M3","M0","M3",TRUE,TRUE,"b21",0,0,1,1,0,0,0,1,0,0,1,1,1,1,1.89188056405404e-15,1.20899848465778e-15,0.388710259245837,0.393887952269261,0.0105439475660507,0.00866722629749691,0.388710259245838,0.393887952269263,5.37965500269887e-11,5.37965500269887e-11,2.23947284994041e-06,2.23947284994041e-06,TRUE
"CSq",871,"chr8_127996764_C_T_b38","PVT1","TRIM7",36,"M0.1","M3","M0","M3",TRUE,TRUE,"b21",0,0,1,1,0,0,0,1,0,0,1,1,1,1,1.98160126549615e-15,2.65451486856917e-15,0.119833919086173,0.113281318962191,0.0102739879110363,0.00896645589287862,0.119833919086174,0.113281318962193,1.20625545380018e-15,1.20625545380018e-15,6.06945669708077e-06,6.06945669708077e-06,TRUE
"CSq",890,"chr3_119667913_G_A_b38","POPDC2","SNRK-AS1",33,"M0.1","M3","M0","M3",TRUE,TRUE,"b21",0,0,1,1,0,0,0,1,0,0,1,1,1,1,3.65524371570159e-12,3.03289965535313e-12,0.868683830569395,0.900865575971863,0.010125139721318,0.00939808745113368,0.868683830569392,0.900865575971869,7.51821203000137e-11,7.51821203000137e-11,1.00856511167547e-05,1.00856511167547e-05,TRUE
"CSq",936,"chr22_39958545_T_TTGAA_b38","ENSG00000225528","ARL3",38,"M0.1","M3","M0","M3",TRUE,TRUE,"b21",0,0,1,1,0,0,0,1,0,0,1,1,1,1,1.0511558952122e-07,2.07759662522838e-07,0.0545547999820236,0.107470132093533,0.0145951004300532,0.0085343810471996,0.0545547999820225,0.107470132093533,3.1706927672393e-05,3.1706927672393e-05,8.67881998942666e-06,8.67881998942666e-06,TRUE
"CSq",937,"chr12_9668986_G_C_b38","CLEC2D","ARMC10",34,"M2.2","M3","M2","M3",TRUE,TRUE,"b12;b22",1,0,1,1,1,0,1,1,1,0,0,0,1,1,1.4793826007927e-06,9.91092791436457e-07,0.0099041624484698,0.0179298472938996,0.000323542117319716,0.000335876860788857,0.00990416244846993,0.017929847293899,0.0319213209219497,0.0319213209219497,1.87696611906021e-07,1.87696611906021e-07,TRUE
"CSq",1231,"chr20_3781448_T_C_b38","CDC25B","SMC1A",33,"Other","M0.2","Other","M0",TRUE,TRUE,"b21",0,0,0,0,0,0,0,1,0,0,1,1,1,1,0.0188013947866384,0.0211619086696281,0.765216119441838,0.505107534954219,0.0101146662647531,0.00276192010520716,0.765216119441833,0.505107534954216,0.00406288014729473,0.00406288014729473,2.40372818993089e-06,2.40372818993089e-06,TRUE
"CSq",1243,"chr4_47904795_C_A_b38","TEC","P2RX7",36,"M0.1","M3","M0","M3",TRUE,TRUE,"b21",0,0,1,1,0,0,0,1,0,0,1,1,1,1,2.23240570119917e-07,3.07739560451246e-07,0.733940249999197,0.710840463574385,0.0110969125298262,0.00869180129979804,0.733940249999199,0.710840463574382,1.24834689203788e-05,1.24834689203788e-05,4.8276658037224e-06,4.8276658037224e-06,TRUE
"CSq",1248,"chr7_19709077_G_A_b38","POLR1F","ENSG00000254092",36,"M0.1","M3","M0","M3",TRUE,TRUE,"b21",0,0,1,1,0,0,0,1,0,0,1,1,1,1,9.09066206917893e-13,3.65415979370505e-13,0.52744480073055,0.530008357565667,0.0123496135721226,0.00790883880108453,0.527444800730551,0.530008357565659,4.78068391204495e-10,4.78068391204495e-10,2.01965120428132e-06,2.01965120428132e-06,TRUE
"CSq",1254,"chr5_90520482_C_A_b38","POLR3G","GOLT1B",35,"M3","M0.1","M3","M0",TRUE,TRUE,"b21",0,0,1,1,0,0,1,0,0,0,1,1,1,1,1.60657629410106e-12,1.24551649939066e-12,0.128558861113943,0.135864828071795,0.00982756794614875,0.0112115590875106,0.128558861113946,0.135864828071795,1.80415817745472e-11,1.80415817745472e-11,8.02390614067254e-06,8.02390614067254e-06,TRUE
"CSq",1277,"chr16_1232973_C_G_b38","TPSAB1","WFDC9",25,"M0.2","M3","M0","M3",TRUE,TRUE,"b11",0,0,0,1,0,0,1,1,0,0,1,1,1,1,0.0124313252981484,0.00780225211508153,0.559732014159054,0.652840866479363,8.10878944900727e-07,1.03389317210178e-06,0.559732014159053,0.65284086647936,0.00517969773199321,0.00517969773199321,5.8141745478742e-06,5.8141745478742e-06,TRUE
"CSq",1284,"chr2_64336738_G_A_b38","ENSG00000238201","ATPAF1",32,"M3","M4","M3","M4",TRUE,TRUE,"b12;b22",0,1,1,1,0,1,1,1,0,1,1,1,1,1,1.59274409748952e-09,7.3603488691629e-10,0.0145090739192869,0.00824998136817533,0.00407024431533555,0.00541031199100884,0.0145090739192868,0.00824998136817534,5.06180852763074e-09,5.06180852763074e-09,3.97238312698397e-07,3.97238312698397e-07,TRUE
"CSq",1320,"chr2_227318603_C_T_b38","MFF","SALRNA3",26,"M3","M0.1","M3","M0",TRUE,TRUE,"b21",0,0,1,1,0,0,1,0,0,0,1,1,1,1,8.57153025436287e-06,1.13637510038275e-05,0.148175709464962,0.173166639653865,0.00925768426677623,0.0115776703675455,0.148175709464962,0.173166639653866,0.000856971063861502,0.000856971063861502,9.27285696475446e-07,9.27285696475446e-07,TRUE
"CSq",1356,"chr16_87463138_T_C_b38","ZCCHC14","MAP1LC3B2",31,"M3","M4","M3","M4",TRUE,TRUE,"b12;b22",0,1,1,1,0,1,1,1,0,1,1,1,1,1,4.50974587265114e-07,1.00455757580034e-06,0.01368802516839,0.00768022180459981,8.41807781074973e-22,2.19420369728535e-21,0.01368802516839,0.00768022180460001,5.46920293896732e-08,5.46920293896732e-08,2.88597345248558e-23,2.88597345248558e-23,TRUE
"CSq",1375,"chr10_102469300_C_CA_b38","MFSD13A","EFR3B",27,"M1.1","M4","M1","M4",TRUE,TRUE,"b21",1,1,1,1,1,1,0,1,1,1,1,1,1,1,5.68423071734655e-07,4.12574116916726e-06,0.000648575247820751,0.000676178156686231,0.0112988951339922,0.00754393589644805,0.000648575247820764,0.000676178156686225,1.18780088724144e-05,1.18780088724144e-05,3.50237602458274e-06,3.50237602458274e-06,TRUE
"CSq",1387,"chr17_5114198_C_T_b38","ZNF232-AS1","ENSG00000261757",31,"M3","M0.1","M3","M0",TRUE,TRUE,"b21",0,0,1,1,0,0,1,0,0,0,1,1,1,1,3.38427054058636e-08,3.27948263127339e-08,0.285794186566458,0.26494050046423,0.00906138160245044,0.0102051600572788,0.285794186566457,0.264940500464228,4.03513813199913e-09,4.03513813199913e-09,6.33201934192952e-07,6.33201934192952e-07,TRUE
"CSq",1388,"chr22_50318683_G_A_b38","PLXNB2","LAIR1",41,"M3","M0.2","M3","M0",TRUE,TRUE,"b11",0,0,1,0,0,0,1,1,0,0,0,0,1,1,0.0096224853032477,0.0129811435950702,0.988870544598248,0.954359185072913,0.000574220819399009,0.00112854672049982,0.988870544598261,0.954359185072902,0.0199140137288663,0.0199140137288663,2.62879591459474e-06,2.62879591459474e-06,TRUE
"CSq",1500,"chr11_33076440_T_A_b38","DEPDC7","NUPR2",28,"M4","M3","M4","M3",TRUE,TRUE,"b12;b22",1,0,1,1,1,0,1,1,1,0,1,1,1,1,1.95143348907752e-12,2.26675173173397e-12,0.00693415792673176,0.015704067333371,0.00428820883466133,0.00303080508311371,0.00693415792673172,0.0157040673333709,6.09756582157037e-10,6.09756582157037e-10,5.0591641316837e-06,5.0591641316837e-06,TRUE
"CSq",1506,"chr2_215312084_T_G_b38","ATIC","COG4",40,"M3","M0.1","M3","M0",TRUE,TRUE,"b21",0,0,1,1,0,0,1,0,0,0,0,0,1,1,0.00282036239743419,0.0030505366244438,0.516139749876637,0.547099644865791,0.00787643001576471,0.0112226708214038,0.516139749876642,0.547099644865798,0.0581568622401371,0.0581568622401371,2.82595232782922e-07,2.82595232782922e-07,TRUE
"CSq",1579,"chr6_132459629_G_A_b38","STX7","NUTM2B-AS1",31,"M4","M1.1","M4","M1",TRUE,TRUE,"b21",1,1,1,1,1,1,1,0,1,1,1,1,1,1,9.67966841669078e-06,7.4460946652198e-06,5.17332002390607e-05,2.83108360084505e-05,0.00903300279263996,0.0100320484359138,5.17332002390608e-05,2.83108360084498e-05,1.33331788091112e-07,1.33331788091112e-07,7.79203419665171e-06,7.79203419665171e-06,TRUE
"CSq",1682,"chr16_75261741_C_A_b38","BCAR1","ENSG00000237414",29,"M0.2","M3","M0","M3",TRUE,TRUE,"b11",0,0,0,1,0,0,1,1,0,0,1,1,1,1,0.0101877028621851,0.00991179614461998,0.215430293697864,0.214654502578863,0.000120557179441231,0.000113780131928738,0.215430293697864,0.214654502578863,0.0040269216776075,0.0040269216776075,8.23103982528344e-07,8.23103982528344e-07,TRUE
"CSq",1689,"chr1_86364847_G_A_b38","ODF2L","PLCE1",35,"M3","M4","M3","M4",TRUE,TRUE,"b12;b22",0,1,1,1,0,1,1,1,0,1,1,1,1,1,4.03652591525968e-08,6.46465395491588e-08,0.0175450142894711,0.00835515340460966,5.73945424144614e-06,3.04347899250786e-06,0.0175450142894707,0.00835515340460968,7.46799030727316e-07,7.46799030727316e-07,1.78272056779165e-06,1.78272056779165e-06,TRUE
"CSq",1725,"chr14_81587377_G_T_b38","SEL1L","PARP16",34,"M4","M3","M4","M3",TRUE,TRUE,"b12;b22",1,0,1,1,1,0,1,1,1,0,1,1,1,1,2.76160096544351e-05,1.48738112442019e-05,0.00741334843612749,0.011338607922703,3.49235649558696e-05,3.77881307693613e-05,0.00741334843612755,0.0113386079227028,0.000169466797624196,0.000169466797624196,9.47699602967757e-08,9.47699602967757e-08,TRUE
"CSq",1893,"chr2_46403722_T_A_b38","EPAS1","NUPR2",31,"M3","M0.2","M3","M0",TRUE,TRUE,"b11",0,0,1,0,0,0,1,1,0,0,0,0,1,1,0.00878619207447688,0.0112411391706082,0.296919970405048,0.259500122229707,2.26777299682937e-05,1.21443707480328e-05,0.296919970405046,0.259500122229709,0.0406509125084804,0.0406509125084804,8.00942954681236e-08,8.00942954681236e-08,TRUE
"CSq",1967,"chr3_30771775_G_A_b38","ENSG00000261468","ARMC10",42,"M3","M4","M3","M4",TRUE,TRUE,"b12;b22",0,1,1,1,0,1,1,1,0,1,1,1,1,1,1.97637107049406e-07,1.38301967877644e-07,0.0105676860945677,0.00946012404115655,0.000524896601382665,0.000336501295936155,0.0105676860945676,0.0094601240411566,3.86190258220172e-05,3.86190258220172e-05,2.27435448996743e-09,2.27435448996743e-09,TRUE
"CSq",2049,"chr11_78214883_GACTT_G_b38","USP35","ENSG00000274767",33,"M0.2","M3","M0","M3",TRUE,TRUE,"b11",0,0,0,1,0,0,1,1,0,0,1,1,1,1,0.0110335976956996,0.00928945373018152,0.420629307165615,0.434277513175901,0.000116869048977356,8.91438375014146e-05,0.420629307165616,0.434277513175902,0.00567368104800993,0.00567368104800993,7.42592740917525e-06,7.42592740917525e-06,TRUE
"CSq",2195,"chr1_40361329_G_A_b38","COL9A2","ENSG00000267105",27,"M3","M0.2","M3","M0",TRUE,TRUE,"b11",0,0,1,0,0,0,1,1,0,0,1,1,1,1,0.0099928084109253,0.0151293293141237,0.177812003243109,0.167524688838673,7.45100700536595e-08,6.03227662140406e-08,0.177812003243109,0.167524688838673,0.00459404077984272,0.00459404077984272,3.99254021287828e-08,3.99254021287828e-08,TRUE
"CSq",2205,"chr19_48798620_C_T_b38","BCAT2","PIGB",38,"M3","M0.1","M3","M0",TRUE,TRUE,"b21",0,0,1,1,0,0,1,0,0,0,1,1,1,1,0.000767888722383524,0.00112793734784019,0.783680895824411,0.737737947994594,0.0099652805632753,0.0109659688106411,0.783680895824415,0.737737947994599,3.75008877548272e-06,3.75008877548272e-06,6.32392562650082e-06,6.32392562650082e-06,TRUE
"CSq",2214,"chr1_108640720_C_CAG_b38","PRPF38B","ARMC10",39,"M3","M0.2","M3","M0",TRUE,TRUE,"b11",0,0,1,0,0,0,1,1,0,0,1,1,1,1,0.00570085744054466,0.0101334950655674,0.80747308108546,0.871009204501267,4.42740393232954e-07,1.33665480756474e-07,0.807473081085459,0.871009204501264,0.00161869144565069,0.00161869144565069,4.43243439338957e-13,4.43243439338957e-13,TRUE
"CSq",2223,"chr21_44479207_G_A_b38","TSPEAR-AS1","ENSG00000260970",12,"M3","M4","M3","M4",TRUE,TRUE,"b12;b22",0,1,1,1,0,1,1,1,0,1,1,1,1,1,2.7624788095662e-08,6.01255875531214e-07,0.0167007970867714,0.00743405048175394,7.21652865577438e-13,9.12110867573694e-13,0.0167007970867713,0.00743405048175406,4.11962949980715e-09,4.11962949980715e-09,4.30853959350812e-20,4.30853959350812e-20,TRUE
"CSq",2259,"chr16_721108_C_A_b38","ANTKMT","VWCE",30,"M3","M4","M3","M4",TRUE,TRUE,"b12;b22",0,1,1,1,0,1,1,1,0,1,1,1,1,1,0.000228514960091192,0.000999062249607063,0.0207384075853161,0.00770048071973831,1.81638506645719e-05,5.8453369179908e-05,0.0207384075853162,0.00770048071973837,1.36671855331279e-05,1.36671855331279e-05,8.78913669858614e-06,8.78913669858614e-06,TRUE
"CSq",2302,"chr9_72329521_C_T_b38","ZFAND5","AGBL5",33,"M3","M0.2","M3","M0",TRUE,TRUE,"b11",0,0,1,0,0,0,1,1,0,0,1,1,1,1,0.00991243263183155,0.0106691257211214,0.288023901715695,0.292415744640481,1.86564141889256e-06,1.69053894817141e-06,0.288023901715691,0.292415744640482,0.00234551015049726,0.00234551015049726,1.95024539057995e-07,1.95024539057995e-07,TRUE
"CSq",2381,"chr13_20993400_A_G_b38","LATS2","DNAJC15",34,"M3","M0.2","M3","M0",TRUE,TRUE,"b11",0,0,1,0,0,0,1,1,0,0,1,1,1,1,0.00906082601238032,0.0110089214236416,0.96159968209858,0.919227001232669,3.51334224140674e-05,4.91917699659992e-05,0.961599682098579,0.91922700123267,0.000343989938307103,0.000343989938307103,1.28568090531365e-08,1.28568090531365e-08,TRUE
"CSq",2450,"chr2_98609558_C_T_b38","COA5","TLK2",30,"M0.1","M3","M0","M3",TRUE,TRUE,"b21",0,0,1,1,0,0,0,1,0,0,1,1,1,1,2.52616403379049e-06,1.22484463122803e-06,0.0711275716251228,0.0848492545446245,0.0104167590634863,0.00791974702534199,0.0711275716251216,0.0848492545446248,1.51131652698159e-05,1.51131652698159e-05,2.71603975013912e-06,2.71603975013912e-06,TRUE
"CSq",2451,"chr8_103407872_T_C_b38","DCAF13","IFNE",35,"M3","M0.2","M3","M0",TRUE,TRUE,"b11",0,0,1,0,0,0,1,1,0,0,1,1,1,1,0.0051432348069051,0.014663586148037,0.96657318884102,0.99591807375051,1.10614672556669e-06,1.8202094383352e-06,0.966573188841023,0.99591807375051,0.00191369999108262,0.00191369999108262,1.10334667275223e-06,1.10334667275223e-06,TRUE
"CSq",2454,"chrX_76400070_G_A_b38","MAGEE1","PPFIBP2",34,"M0.2","M3","M0","M3",TRUE,TRUE,"b11",0,0,0,1,0,0,1,1,0,0,1,1,1,1,0.010105764651732,0.00878859225713998,0.109442689919594,0.10025790404292,0.000175671932247863,0.00017556940584782,0.109442689919592,0.10025790404292,0.00090614986155791,0.00090614986155791,3.90884748785343e-08,3.90884748785343e-08,TRUE
"CSq",2482,"chr17_758618_TATA_T_b38","GEMIN4","NFASC",27,"M3","M0.2","M3","M0",TRUE,TRUE,"b11",0,0,1,0,0,0,1,1,0,0,1,1,1,1,0.00592353759209395,0.0157549198347414,0.98092405836091,0.90365209523273,1.27406661358476e-07,1.43838098971336e-07,0.98092405836091,0.903652095232727,0.00170744039000216,0.00170744039000216,7.20711947299548e-07,7.20711947299548e-07,TRUE
"CSq",2527,"chr11_46250712_G_A_b38","ENSG00000254639","FRMPD4-AS1",24,"M3","M0.2","M3","M0",TRUE,TRUE,"b11",0,0,1,0,0,0,1,1,0,0,1,1,1,1,0.0095843120812272,0.0128298973679087,0.721249215507482,0.751392857300195,3.60341189956333e-05,5.58123005865289e-05,0.721249215507478,0.751392857300194,0.00133328790631973,0.00133328790631973,1.46024286004779e-06,1.46024286004779e-06,TRUE
"CSq",2545,"chr8_144094687_G_A_b38","SHARPIN","LINC02352",17,"M2.2","M1.2","M2","M1",TRUE,TRUE,"b11",1,1,1,0,1,1,1,1,1,1,0,0,1,1,0.00449504126119215,0.010941317466859,2.23527643011133e-07,5.0807301395735e-07,2.77682567199876e-08,4.9288248173067e-09,2.23527643011127e-07,5.08073013957321e-07,0.0177213810566177,0.0177213810566177,1.48350753264957e-09,1.48350753264957e-09,TRUE
"CSq",2546,"chr19_39315693_C_A_b38","LRFN1","ENSG00000225458",21,"M0.2","M3","M0","M3",TRUE,TRUE,"b11",0,0,0,1,0,0,1,1,0,0,1,1,1,1,0.0124125082979445,0.00842480004680289,0.756990870384935,0.702367698334691,1.58435528989114e-13,1.68809267510636e-13,0.756990870384936,0.702367698334691,0.00103087087128253,0.00103087087128253,5.07774311691533e-15,5.07774311691533e-15,TRUE
"CSq",2577,"chr6_170035626_C_T_b38","LINC01624","BDP1",32,"M0.2","Other","M0","Other",TRUE,TRUE,"b21",0,0,0,0,0,0,1,0,0,0,0,0,1,1,0.0470058437778917,0.0319529555137276,0.668886119049252,0.575312031088525,0.00902985085347884,0.0109743472198303,0.668886119049252,0.575312031088525,0.0438501806754289,0.0438501806754289,2.15415414220909e-07,2.15415414220909e-07,TRUE
"CSq",2619,"chr16_71711159_G_A_b38","IST1","CADM2-AS2",32,"M3","M0.2","M3","M0",TRUE,TRUE,"b11",0,0,1,0,0,0,1,1,0,0,1,1,1,1,0.0099262439896222,0.0116103827492966,0.62052987461263,0.611630046192839,6.57052354504258e-07,5.73378102290829e-07,0.620529874612632,0.611630046192838,0.00172184116759928,0.00172184116759928,4.13394104022174e-07,4.13394104022174e-07,TRUE
"CSq",2637,"chr5_6708370_G_A_b38","TENT4A","KLHL40",29,"M3","M0.2","M3","M0",TRUE,TRUE,"b11",0,0,1,0,0,0,1,1,0,0,0,0,1,1,0.00979791453056787,0.0110121959621048,0.892701632283142,0.862735527357787,0.000189215688018849,0.000201476049227712,0.892701632283133,0.862735527357785,0.0278000647186108,0.0278000647186108,2.27611897580567e-08,2.27611897580567e-08,TRUE
"CSq",2652,"chr9_85195996_A_G_b38","AGTPBP1","TMEM239",27,"M0.2","M3","M0","M3",TRUE,TRUE,"b11",0,0,0,1,0,0,1,1,0,0,1,1,1,1,0.0100213167153302,0.0086131261175039,0.377648113230533,0.391809710683593,6.56197969072621e-10,5.96215859766617e-10,0.377648113230533,0.391809710683593,0.00989099164466834,0.00989099164466834,3.25056696325964e-10,3.25056696325964e-10,TRUE
"CSq",2666,"chr15_74767205_G_A_b38","ARID3B","SSU72P3",35,"M0.2","M3","M0","M3",TRUE,TRUE,"b11",0,0,0,1,0,0,1,1,0,0,1,1,1,1,0.0109475214987719,0.00735455465263177,0.843009988822544,0.751428470915924,9.45990397382051e-06,8.67011404229565e-06,0.843009988822554,0.751428470915926,0.000865290810001094,0.000865290810001094,2.35933667516565e-08,2.35933667516565e-08,TRUE
"CSq",2705,"chr14_92832675_A_G_b38","GOLGA5","STYXL1",31,"M4","M1.2","M4","M1",TRUE,TRUE,"b11",1,1,1,0,1,1,1,1,1,1,1,1,1,1,0.00823884368679184,0.0105547510336217,0.000868005465277216,0.00107685544259022,0.00175995742574655,0.00212138452171391,0.000868005465277222,0.0010768554425902,0.00300413300427784,0.00300413300427784,2.93833449245402e-06,2.93833449245402e-06,TRUE
"CSq",2810,"chr6_41999960_A_C_b38","TRERF1","ENSG00000253416",36,"M0.2","M3","M0","M3",TRUE,TRUE,"b11",0,0,0,1,0,0,1,1,0,0,0,0,1,1,0.0103530393615837,0.00849825199469223,0.0417461564231091,0.0595497203438029,1.01144318565759e-06,9.58815459601085e-07,0.0417461564231112,0.0595497203438047,0.0848378672335575,0.0848378672335575,3.80929457379857e-22,3.80929457379857e-22,TRUE
"CSq",2823,"chr7_130938186_CCTGT_C_b38","ENSG00000273319","ENSG00000237378",17,"M3","M0.2","M3","M0",TRUE,TRUE,"b11",0,0,1,0,0,0,1,1,0,0,0,0,1,1,0.0095760372078937,0.0158183658041062,0.992475764341466,0.969572878572362,5.98021103427218e-11,6.06818221139115e-11,0.992475764341466,0.969572878572361,0.0953134393684476,0.0953134393684476,4.68692365043054e-11,4.68692365043054e-11,TRUE
"CSq",2826,"chr7_6689949_T_C_b38","ZNF853","LINC02003",25,"M3","M0.2","M3","M0",TRUE,TRUE,"b11",0,0,1,0,0,0,1,1,0,0,1,1,1,1,0.00940498359534318,0.010267849105296,0.759614412986593,0.716571417406443,1.79789793932342e-06,2.39421712057838e-06,0.759614412986594,0.716571417406438,0.000151516792255258,0.000151516792255258,7.67398284070418e-08,7.67398284070418e-08,TRUE
"CSq",2860,"chr12_10115529_G_A_b38","CLEC1A","TMEM229B",38,"M0.2","M3","M0","M3",TRUE,TRUE,"b11",0,0,0,1,0,0,1,1,0,0,1,1,1,1,0.011055826637599,0.00974575480556416,0.078468450012788,0.0788377102860339,0.00124549130902179,0.00102543252415125,0.0784684500127876,0.0788377102860335,0.000702739814792124,0.000702739814792124,6.3437779993882e-06,6.3437779993882e-06,TRUE
"CSq",2987,"chr18_3653037_C_T_b38","ENSG00000266401","ENSG00000263450",24,"M3","M0.2","M3","M0",TRUE,TRUE,"b11",0,0,1,0,0,0,1,1,0,0,0,0,1,1,0.00765384901361139,0.0110689581961848,0.874328860070673,0.84767479309688,4.53522960530163e-09,3.49862224431249e-09,0.874328860070674,0.84767479309688,0.017865360654197,0.017865360654197,1.35108205922694e-11,1.35108205922694e-11,TRUE
"CSq",3025,"chr20_57719257_A_G_b38","RAE1","LINC01020",22,"M0.2","M3","M0","M3",TRUE,TRUE,"b11",0,0,0,1,0,0,1,1,0,0,1,1,1,1,0.0101046542796135,0.00820193196126403,0.0895485001415598,0.09455308591205,5.36681156798154e-07,6.19706380656231e-07,0.0895485001415601,0.0945530859120512,0.00966593902445148,0.00966593902445148,8.73932855104449e-08,8.73932855104449e-08,TRUE
"CSq",3113,"chr2_74442388_G_T_b38","RTKN","ENSG00000276077",38,"M3","M0.2","M3","M0",TRUE,TRUE,"b11",0,0,1,0,0,0,1,1,0,0,1,1,1,1,0.00928039486119979,0.0233592479452448,0.551565349178039,0.578652592602828,0.00750777980790537,0.00658016225387008,0.55156534917804,0.578652592602828,0.000149422760601013,0.000149422760601013,4.28449770869115e-06,4.28449770869115e-06,TRUE
"CSq",3115,"chr2_204806897_A_T_b38","CTLA4","ENSG00000253968",32,"M4","M3","M4","M3",TRUE,TRUE,"b12;b22",1,0,1,1,1,0,1,1,1,0,1,1,1,1,0.00164365466445178,0.00133138052626115,0.00739275208562861,0.0151236435514953,5.31449841106683e-05,5.43637821363504e-05,0.00739275208562887,0.0151236435514955,0.0043188344151877,0.0043188344151877,7.20806673979768e-11,7.20806673979768e-11,TRUE
"CSq",3128,"chr2_25997767_A_G_b38","RAB10","PRAMEF6",20,"M3","M0.2","M3","M0",TRUE,TRUE,"b11",0,0,1,0,0,0,1,1,0,0,1,1,1,1,0.00933490532269084,0.0160438492812852,0.367046235999138,0.309766340106861,9.87860244692758e-11,1.00925824070289e-10,0.367046235999139,0.30976634010686,0.00305810696409059,0.00305810696409059,2.85976624127236e-09,2.85976624127236e-09,TRUE
"CSq",3132,"chr17_82560617_G_C_b38","NARF-AS2","GAN",28,"M3","M4","M3","M4",TRUE,TRUE,"b12;b22",0,1,1,1,0,1,1,1,0,1,1,1,1,1,0.00151910930697697,0.00202741084088195,0.0119617691175584,0.00944391562318003,0.00475290440059222,0.00497382271165222,0.011961769117558,0.00944391562317968,0.0013301005669822,0.0013301005669822,4.16657068642773e-07,4.16657068642773e-07,TRUE
"CSq",3167,"chr18_61915269_C_G_b38","ENSG00000267316","NODAL",30,"M0.2","M3","M0","M3",TRUE,TRUE,"b11",0,0,0,1,0,0,1,1,0,0,1,1,1,1,0.0140380362451507,0.00732133457270063,0.641904349772513,0.664071693611527,0.00118621024176385,0.00119393493341237,0.64190434977252,0.664071693611525,0.00325032790424937,0.00325032790424937,4.878114051408e-06,4.878114051408e-06,TRUE
"CSq",3181,"chr12_14671092_G_A_b38","PLBD1","OR5D3P",19,"M3","M0.2","M3","M0",TRUE,TRUE,"b11",0,0,1,0,0,0,1,1,0,0,1,1,1,1,0.00964072632194688,0.0103092177371926,0.178583471317684,0.176230469816242,8.89047507422972e-25,8.98196018414023e-25,0.178583471317684,0.176230469816242,0.00895148212233331,0.00895148212233331,1.52440055521427e-33,1.52440055521427e-33,TRUE
"CSq",3224,"chr15_45027452_G_A_b38","GOLM2","TBC1D24",25,"M0.2","M3","M0","M3",TRUE,TRUE,"b11",0,0,0,1,0,0,1,1,0,0,1,1,1,1,0.0127800015367301,0.00775902132468374,0.420128163570683,0.336449511833912,7.69736347160974e-09,7.36409481703399e-09,0.420128163570685,0.336449511833913,0.00242531711941835,0.00242531711941835,1.39884458036925e-08,1.39884458036925e-08,TRUE
"CSq",3247,"chrX_78689119_T_C_b38","PGAM4","ENSG00000232590",39,"M3","M0.2","M3","M0",TRUE,TRUE,"b11",0,0,1,0,0,0,1,1,0,0,1,1,1,1,0.0077783145101948,0.0123609762965745,0.30771560475702,0.385363657063733,1.54163413202944e-09,7.84780506474083e-10,0.307715604757022,0.385363657063735,0.00963896878605493,0.00963896878605493,2.9625375935592e-15,2.9625375935592e-15,TRUE
"CSq",3248,"chr16_46714481_C_G_b38","ENSG00000261512","ENSG00000250158",16,"M0.2","M1.2","M0","M1",TRUE,TRUE,"b12;b22",0,1,0,0,0,1,1,1,0,1,0,0,1,1,0.678792865272463,0.640167873556414,0.011208463871204,0.00877116015734165,1.8529518104857e-34,3.76492581369793e-34,0.0112084638712041,0.00877116015734174,0.762185970126033,0.762185970126033,4.7062550343487e-39,4.7062550343487e-39,TRUE
"CSalpha",6,"chr4_973551_C_G_b38","DGKQ","LRRC37A2",57,"M0.1","M1.1","M0","M1",TRUE,TRUE,"b12;b22",0,1,1,1,0,1,0,0,0,1,1,1,1,1,4.27447998663205e-78,2.46092352020861e-77,0.0190478235613069,0.00873836251464642,0.315415657876043,0.406035292243462,0.0190478235613067,0.00873836251464607,2.1632035079935e-85,2.1632035079935e-85,3.54252612476068e-06,3.54252612476068e-06,TRUE
"CSalpha",61,"chr19_51497418_G_A_b38","SIGLEC12","ENSG00000248125",40,"M1.1","M4","M1","M4",TRUE,TRUE,"b21",1,1,1,1,1,1,0,1,1,1,1,1,1,1,2.30397514805375e-32,3.41142023575521e-32,0.00302824746720101,0.00581057022005618,0.0105231623776244,0.00766489498009174,0.00302824746720103,0.00581057022005611,2.08576808909358e-34,2.08576808909358e-34,8.77220955270759e-06,8.77220955270759e-06,TRUE
"CSalpha",74,"chr4_17512134_CG_C_b38","QDPR","INSIG1-DT",49,"M3","M0.1","M3","M0",TRUE,TRUE,"b21",0,0,1,1,0,0,1,0,0,0,1,1,1,1,7.84514435644448e-45,9.49798527827011e-45,0.616286582644797,0.679395969008422,0.00994955755573979,0.0112851405049151,0.616286582644796,0.679395969008422,1.2207201658625e-46,1.2207201658625e-46,9.59097119168675e-07,9.59097119168675e-07,TRUE
"CSalpha",122,"chr4_119366276_C_T_b38","FABP2","SDHAF2",53,"M0.1","M3","M0","M3",TRUE,TRUE,"b21",0,0,1,1,0,0,0,1,0,0,1,1,1,1,4.39698642269429e-34,9.4668323041572e-35,0.908435706384305,0.945276015015544,0.0100878936265686,0.00976125713617938,0.908435706384305,0.945276015015544,7.55593057264896e-37,7.55593057264896e-37,9.64797879310921e-06,9.64797879310921e-06,TRUE
"CSalpha",221,"chr19_52780933_A_G_b38","ZNF600","LINC00052",69,"M0.1","M1.1","M0","M1",TRUE,TRUE,"b12;b22",0,1,1,1,0,1,0,0,0,1,1,1,1,1,3.53902177005325e-14,4.9968747296556e-14,0.012679721557105,0.00942731570408056,0.0901556248964265,0.0797835671790201,0.0126797215571049,0.00942731570408041,1.51378073072537e-17,1.51378073072537e-17,4.76350316929325e-07,4.76350316929325e-07,TRUE
"CSalpha",222,"chr19_41958636_G_A_b38","RABAC1","TMEM14C",56,"M1.1","M0.1","M1","M0",TRUE,TRUE,"b12;b22",1,0,1,1,1,0,0,0,1,0,1,1,1,1,4.2695993193605e-11,2.82943640166148e-11,0.007361295506462,0.0101905280098055,0.2165554171408,0.193218833233381,0.00736129550646212,0.0101905280098057,3.74687438193672e-09,3.74687438193672e-09,3.7118074633379e-08,3.7118074633379e-08,TRUE
"CSalpha",330,"chr16_733864_C_A_b38","CIAO3","PIK3C3",54,"M0.1","M3","M0","M3",TRUE,TRUE,"b21",0,0,1,1,0,0,0,1,0,0,1,1,1,1,2.00715392053449e-34,3.21607319659716e-35,0.429261640850871,0.493505067450641,0.0112112746150441,0.00715188827086519,0.429261640850869,0.493505067450637,3.7012975952904e-29,3.7012975952904e-29,7.74674838355385e-06,7.74674838355385e-06,TRUE
"CSalpha",339,"chr1_39673881_C_T_b38","HPCAL4","POGLUT1",46,"M1.1","M0.1","M1","M0",TRUE,TRUE,"b12;b22",1,0,1,1,1,0,0,0,1,0,1,1,1,1,7.84030117580371e-24,2.39341776188914e-24,0.00988930772296595,0.0135703125542899,0.223911584259479,0.254352172457356,0.00988930772296615,0.0135703125542901,2.20883913012708e-19,2.20883913012708e-19,1.49619370846496e-06,1.49619370846496e-06,TRUE
"CSalpha",401,"chr22_35328666_C_A_b38","TOM1","POLR2J3",57,"M3","M0.1","M3","M0",TRUE,TRUE,"b21",0,0,1,1,0,0,1,0,0,0,1,1,1,1,1.07767106502003e-08,1.20926049833781e-08,0.124917056462532,0.0901649346269598,0.00886314152369464,0.0112688451868992,0.124917056462534,0.0901649346269592,1.24709550715924e-07,1.24709550715924e-07,1.13996327022457e-06,1.13996327022457e-06,TRUE
"CSalpha",432,"chr14_69376994_C_CTG_b38","SLC39A9","MDFIC2",57,"M3","M4","M3","M4",TRUE,TRUE,"b12;b22",0,1,1,1,0,1,1,1,0,1,1,1,1,1,6.08184846257434e-24,5.97677450320592e-24,0.0105618961940112,0.00901463026478095,0.00175391528732657,0.00210915673883941,0.0105618961940112,0.00901463026478095,3.73142781368365e-25,3.73142781368365e-25,2.74704902835426e-09,2.74704902835426e-09,TRUE
"CSalpha",482,"chr22_23924539_T_C_b38","ENSG00000272787","POU2AF1",39,"M3","M0.1","M3","M0",TRUE,TRUE,"b21",0,0,1,1,0,0,1,0,0,0,1,1,1,1,2.50903177627573e-22,1.48547409369747e-22,0.553983396039055,0.580595730746762,0.00769121111605387,0.0125869522933449,0.553983396039061,0.580595730746762,8.83687522670978e-24,8.83687522670978e-24,8.39303943158622e-06,8.39303943158622e-06,TRUE
"CSalpha",490,"chr19_58016935_A_G_b38","ENSG00000176593","TMEM14C",51,"M0.1","M3","M0","M3",TRUE,TRUE,"b21",0,0,1,1,0,0,0,1,0,0,1,1,1,1,4.78240258890717e-27,5.62330166579746e-27,0.0818097930569213,0.0878509054359922,0.0123465883466128,0.00965056260438988,0.0818097930569206,0.0878509054359926,3.06813978177453e-22,3.06813978177453e-22,8.97324009071618e-09,8.97324009071618e-09,TRUE
"CSalpha",491,"chr2_238267745_A_G_b38","LINC02610","DANT2",45,"M3","M0.1","M3","M0",TRUE,TRUE,"b21",0,0,1,1,0,0,1,0,0,0,1,1,1,1,1.80326682706746e-19,3.21540622568591e-19,0.547964464954967,0.464186939217638,0.00669303572407329,0.0101509472943743,0.547964464954964,0.464186939217636,1.76215241433043e-21,1.76215241433043e-21,3.19836574771018e-08,3.19836574771018e-08,TRUE
"CSalpha",497,"chr10_133185696_A_T_b38","KNDC1","ENSG00000266171",65,"M0.1","M3","M0","M3",TRUE,TRUE,"b21",0,0,1,1,0,0,0,1,0,0,1,1,1,1,1.50543018492034e-22,6.61475825569989e-23,0.0161446431189761,0.0123542859034045,0.0101482234102412,0.00824328058036054,0.0161446431189761,0.0123542859034046,2.03827884522379e-24,2.03827884522379e-24,1.62537399175182e-06,1.62537399175182e-06,TRUE
"CSalpha",509,"chr1_209769811_A_G_b38","TRAF3IP3","MT-CO3",59,"M3","M0.1","M3","M0",TRUE,TRUE,"b21",0,0,1,1,0,0,1,0,0,0,1,1,1,1,1.38489558885853e-17,2.02274805110092e-16,0.728671824583972,0.512088499814576,0.00879111594614752,0.0136604163775387,0.728671824583968,0.512088499814573,3.96007685532058e-13,3.96007685532058e-13,5.65526550998538e-06,5.65526550998538e-06,TRUE
"CSalpha",643,"chr14_77445894_C_T_b38","VIPAS39","ARMC10",52,"M0.1","M3","M0","M3",TRUE,TRUE,"b21",0,0,1,1,0,0,0,1,0,0,1,1,1,1,7.18429036941703e-16,1.38941313071096e-15,0.0476648746015986,0.0721570637087715,0.0135959889844281,0.00624641224569612,0.047664874601598,0.0721570637087718,7.79663163637023e-11,7.79663163637023e-11,3.28520786073195e-06,3.28520786073195e-06,TRUE
"CSalpha",660,"chr18_12774861_G_C_b38","LINC01882","NBPF3",45,"M3","M0.1","M3","M0",TRUE,TRUE,"b21",0,0,1,1,0,0,1,0,0,0,1,1,1,1,7.30661512775756e-21,1.17643149808286e-20,0.759496716497563,0.874961250291374,0.00826930155413803,0.011841810082363,0.759496716497565,0.874961250291372,9.36269794168528e-23,9.36269794168528e-23,1.68520278604128e-06,1.68520278604128e-06,TRUE
"CSalpha",710,"chr22_39090588_T_C_b38","APOBEC3G","KCTD4",47,"M3","M0.1","M3","M0",TRUE,TRUE,"b21",0,0,1,1,0,0,1,0,0,0,1,1,1,1,2.33331859823004e-10,3.09705965587086e-10,0.652579346532027,0.685036237762659,0.00861728759899975,0.010792139657616,0.652579346532024,0.685036237762657,5.15449039822387e-09,5.15449039822387e-09,8.30499129016932e-07,8.30499129016932e-07,TRUE
"CSalpha",756,"chr11_196944_C_T_b38","SCGB1C1","PARP14",46,"M3","M0.1","M3","M0",TRUE,TRUE,"b21",0,0,1,1,0,0,1,0,0,0,1,1,1,1,1.60184938474521e-19,1.67727222398931e-20,0.13493457268305,0.0742526223857346,0.00867292830742185,0.0128650590578279,0.134934572683051,0.0742526223857347,3.76645629677579e-20,3.76645629677579e-20,7.58491089268465e-07,7.58491089268465e-07,TRUE
"CSalpha",781,"chr17_35041037_A_C_b38","RFFL","RHPN1-AS1",51,"M0.1","M1.1","M0","M1",TRUE,TRUE,"b12;b22",0,1,1,1,0,1,0,0,0,1,1,1,1,1,1.20943740865125e-14,1.33797883451533e-14,0.0101341076812449,0.0093445555364357,0.0269323185308061,0.0269576809179113,0.010134107681245,0.0093445555364357,7.59215710570368e-08,7.59215710570368e-08,9.83086852594447e-06,9.83086852594447e-06,TRUE
"CSalpha",800,"chr13_48975435_C_G_b38","ENSG00000275202","SCAT8",57,"M0.1","M3","M0","M3",TRUE,TRUE,"b21",0,0,1,1,0,0,0,1,0,0,1,1,1,1,2.29455349161544e-08,1.45617435790199e-08,0.030929758047002,0.034596216854875,0.0123572804370473,0.00811350798328331,0.030929758047001,0.0345962168548748,7.20324967297723e-11,7.20324967297723e-11,5.74425064959477e-06,5.74425064959477e-06,TRUE
"CSalpha",911,"chr10_46066076_C_T_b38","NCOA4","PKHD1L1",44,"M0.1","M3","M0","M3",TRUE,TRUE,"b21",0,0,1,1,0,0,0,1,0,0,1,1,1,1,8.55669163571713e-06,1.88673088185175e-05,0.992230435155432,0.941334650196363,0.0107870548575346,0.00709439293110052,0.99223043515543,0.941334650196358,0.000705258219432401,0.000705258219432401,2.80134685408467e-06,2.80134685408467e-06,TRUE
"CSalpha",981,"chr6_17601622_T_C_b38","FAM8A1","GSR",53,"M0.1","M3","M0","M3",TRUE,TRUE,"b21",0,0,1,1,0,0,0,1,0,0,1,1,1,1,4.83799912102838e-07,2.88759186581529e-07,0.191128265036075,0.207769116915386,0.0108154234947849,0.0086985665449869,0.191128265036077,0.207769116915385,0.000281700606098314,0.000281700606098314,8.11158934099393e-07,8.11158934099393e-07,TRUE
"CSalpha",1010,"chr7_143586479_C_T_b38","TCAF2","ENSG00000237316",60,"M0.1","M3","M0","M3",TRUE,TRUE,"b21",0,0,1,1,0,0,0,1,0,0,1,1,1,1,2.18968899094437e-07,1.92821735466463e-07,0.756701405227458,0.736191629480612,0.010090519050834,0.00930298963267017,0.756701405227453,0.736191629480613,0.000112401805590637,0.000112401805590637,2.88893242798309e-07,2.88893242798309e-07,TRUE
"CSalpha",1029,"chr16_33807_G_C_b38","WASIR2","TUBB8B",39,"M1.2","M0.2","M1","M0",TRUE,TRUE,"b12;b22",1,0,0,0,1,0,1,1,1,0,1,1,1,1,0.0180945974317593,0.0173277338473014,0.0080209421026557,0.0104045657458234,1.1470983451542e-30,2.35151929880494e-31,0.0080209421026556,0.0104045657458234,0.000107370236516926,0.000107370236516926,8.8127853468476e-40,8.8127853468476e-40,TRUE
"CSalpha",1055,"chr19_43754550_G_T_b38","SMG9","TUBB2A",38,"M3","M0.1","M3","M0",TRUE,TRUE,"b21",0,0,1,1,0,0,1,0,0,0,1,1,1,1,1.24179784443501e-08,1.77676204779874e-08,0.25078714229363,0.222410982282104,0.00949140798007132,0.0109137957272564,0.25078714229363,0.222410982282105,3.47311603971382e-09,3.47311603971382e-09,9.54981085264018e-06,9.54981085264018e-06,TRUE
"CSalpha",1118,"chr6_118856872_T_A_b38","MCM9","POU2F1-DT",43,"M3","M0.1","M3","M0",TRUE,TRUE,"b21",0,0,1,1,0,0,1,0,0,0,1,1,1,1,5.07813104565917e-11,3.19546560172269e-11,0.012969211638967,0.012857049073831,0.00952383249477668,0.0120565099194265,0.0129692116389669,0.0128570490738308,5.88882642731087e-11,5.88882642731087e-11,2.39508065284401e-06,2.39508065284401e-06,TRUE
"CSalpha",1135,"chr8_79846496_T_C_b38","HEY1","ENSG00000261642",46,"M0.1","M3","M0","M3",TRUE,TRUE,"b21",0,0,1,1,0,0,0,1,0,0,1,1,1,1,4.08340860930386e-08,4.26105213609013e-08,0.178432965955362,0.167605490337396,0.0110395493904213,0.00995203850211028,0.17843296595536,0.167605490337394,2.23200840582129e-11,2.23200840582129e-11,3.14004729674589e-06,3.14004729674589e-06,TRUE
"CSalpha",1169,"chr17_68227876_A_G_b38","AMZ2","TAS1R1",58,"M3","M0.1","M3","M0",TRUE,TRUE,"b21",0,0,1,1,0,0,1,0,0,0,1,1,1,1,2.1529717429944e-08,3.68812958228174e-08,0.396977089405344,0.372057891534394,0.00719986257396273,0.0105562437840566,0.396977089405339,0.372057891534395,2.39196612370632e-06,2.39196612370632e-06,3.36106570947844e-06,3.36106570947844e-06,TRUE
"CSalpha",1196,"chr16_11789197_A_C_b38","ZC3H7A","ENSG00000261810",60,"M0.1","M3","M0","M3",TRUE,TRUE,"b21",0,0,1,1,0,0,0,1,0,0,1,1,1,1,1.01470885481935e-09,1.42619160169073e-09,0.0850334841846635,0.076624778224908,0.0102032858989004,0.00805595416587572,0.0850334841846623,0.0766247782249084,5.53040347978008e-08,5.53040347978008e-08,5.87417933035205e-09,5.87417933035205e-09,TRUE
"CSalpha",1207,"chr21_44302928_A_C_b38","PFKL","ENSG00000225775",41,"M0.1","M3","M0","M3",TRUE,TRUE,"b21",0,0,1,1,0,0,0,1,0,0,1,1,1,1,1.87461944489813e-05,1.53791408146357e-05,0.752864775325469,0.683210461068414,0.0102954487353616,0.00988338699203203,0.752864775325468,0.683210461068417,0.000238294083015716,0.000238294083015716,1.54999793497731e-10,1.54999793497731e-10,TRUE
"CSalpha",1236,"chr20_63707707_C_G_b38","ARFRP1","OLFM2",52,"M0.1","M3","M0","M3",TRUE,TRUE,"b21",0,0,1,1,0,0,0,1,0,0,1,1,1,1,5.51842362688667e-09,6.93112858125591e-09,0.181055625961935,0.160052448757965,0.012642176193751,0.00799396201160838,0.181055625961935,0.160052448757966,0.00167382478453191,0.00167382478453191,6.4541377159861e-06,6.4541377159861e-06,TRUE
"CSalpha",1263,"chr16_72045228_G_C_b38","HP","MAP3K20-AS1",53,"M0.1","M3","M0","M3",TRUE,TRUE,"b21",0,0,1,1,0,0,0,1,0,0,0,0,1,1,0.00422163721834836,0.00557254492244495,0.0305614085593779,0.0379382551239797,0.0111914858402966,0.00974103319025119,0.030561408559378,0.0379382551239792,0.0308736122471569,0.0308736122471569,9.15856861851043e-07,9.15856861851043e-07,TRUE
"CSalpha",1316,"chr21_44976991_T_C_b38","ENSG00000276529","ENSG00000237445",34,"M3","M4","M3","M4",TRUE,TRUE,"b12;b22",0,1,1,1,0,1,1,1,0,1,1,1,1,1,4.40993051622782e-09,6.47859329858841e-09,0.0102603401301054,0.0071009034822807,6.00167073946517e-05,4.81104326581892e-05,0.0102603401301052,0.00710090348228071,3.53571820970034e-09,3.53571820970034e-09,1.71844594578276e-06,1.71844594578276e-06,TRUE
"CSalpha",1358,"chr19_41811775_T_C_b38","CEACAM3","LRRC37A2",60,"Other","M0.2","Other","M0",TRUE,TRUE,"b21",0,0,0,0,0,0,0,1,0,0,0,0,1,1,0.0219231368442739,0.0178063604484223,0.0575887820278907,0.0561922335915143,0.0135795618276474,0.00834402670020281,0.0575887820278895,0.0561922335915126,0.46877842794168,0.46877842794168,3.62643684337506e-06,3.62643684337506e-06,TRUE
"CSalpha",1406,"chr1_9650763_C_T_b38","CLSTN1","ENSG00000227535",51,"M3","M0.2","M3","M0",TRUE,TRUE,"b11",0,0,1,0,0,0,1,1,0,0,1,1,1,1,0.00918159307093676,0.0110391988234812,0.0292864479630474,0.0299452346669962,9.97625374325253e-11,6.28528391432242e-11,0.0292864479630474,0.0299452346669957,0.0027814817897097,0.0027814817897097,1.18914821326089e-15,1.18914821326089e-15,TRUE
"CSalpha",1490,"chr1_145929722_T_A_b38","LIX1L-AS1","ENSG00000267174",50,"M3","M0.1","M3","M0",TRUE,TRUE,"b21",0,0,1,1,0,0,1,0,0,0,1,1,1,1,1.06267693440264e-07,1.35807042906e-07,0.299120846682086,0.290731835461486,0.008970884761358,0.0113576830522328,0.299120846682082,0.290731835461482,3.1480390125814e-08,3.1480390125814e-08,9.29145708925843e-06,9.29145708925843e-06,TRUE
"CSalpha",1534,"chr7_123749039_G_C_b38","WASL-DT","CAMKK1",48,"M0.1","M3","M0","M3",TRUE,TRUE,"b21",0,0,1,1,0,0,0,1,0,0,1,1,1,1,2.68966900063484e-10,2.35478815056701e-10,0.641757666927171,0.536722437736864,0.010069550464621,0.00990874217640196,0.641757666927174,0.536722437736862,4.00433093952645e-08,4.00433093952645e-08,6.24641734549342e-06,6.24641734549342e-06,TRUE
"CSalpha",1557,"chr1_204311319_T_C_b38","PLEKHA6","HOXA4",49,"M3","M0.1","M3","M0",TRUE,TRUE,"b21",0,0,1,1,0,0,1,0,0,0,1,1,1,1,5.90348624740211e-09,6.96765585853473e-09,0.380738357143155,0.33504736330182,0.00817523869962908,0.0110926808034263,0.380738357143152,0.335047363301818,2.15514403590933e-07,2.15514403590933e-07,5.64706374190528e-06,5.64706374190528e-06,TRUE
"CSalpha",1576,"chr14_22913393_G_A_b38","REM2","ENSG00000258490",58,"M0.2","M3","M0","M3",TRUE,TRUE,"b11",0,0,0,1,0,0,1,1,0,0,0,0,1,1,0.0102345588085246,0.00999994849540198,0.661055715362272,0.641331302845423,0.000748449875527103,0.000756266624769374,0.661055715362274,0.641331302845425,0.104909683783019,0.104909683783019,3.02964852953058e-07,3.02964852953058e-07,TRUE
"CSalpha",1588,"chr19_58315168_A_G_b38","ENSG00000283103","ATP6V1FNB",51,"M3","M0.1","M3","M0",TRUE,TRUE,"b21",0,0,1,1,0,0,1,0,0,0,1,1,1,1,0.000438189511816092,0.000259919846656134,0.615318661170186,0.667402818328058,0.00831391391989589,0.0102113450734863,0.615318661170187,0.667402818328062,1.34449758629066e-05,1.34449758629066e-05,2.05304113352237e-07,2.05304113352237e-07,TRUE
"CSalpha",1624,"chr11_8125865_T_C_b38","RIC3","LCE1D",45,"M2.2","M1.2","M2","M1",TRUE,TRUE,"b11",1,1,1,0,1,1,1,1,1,1,0,0,1,1,0.00779023880529957,0.0111622879421192,0.00197101490584271,0.00194519886991731,0.000103901538588183,9.33706219241546e-05,0.00197101490584267,0.00194519886991731,0.0486240828494168,0.0486240828494168,2.65507961367414e-06,2.65507961367414e-06,TRUE
"CSalpha",1712,"chr3_46318831_T_C_b38","CCR5","GPR50-AS1",57,"M0.2","M3","M0","M3",TRUE,TRUE,"b11",0,0,0,1,0,0,1,1,0,0,1,1,1,1,0.0103641069230663,0.00816360676098766,0.0538435057982658,0.0548557216523248,0.000154813599357583,0.000146580301438988,0.0538435057982661,0.054855721652325,0.00376620401095021,0.00376620401095021,2.25199125324792e-07,2.25199125324792e-07,TRUE
"CSalpha",1717,"chr6_167119979_G_A_b38","CCR6","NUPR2",47,"M0.1","M3","M0","M3",TRUE,TRUE,"b21",0,0,1,1,0,0,0,1,0,0,1,1,1,1,0.000176332992071049,0.000163653357129556,0.0480525440346233,0.0430022213777196,0.0123089785270787,0.00925993179549219,0.0480525440346234,0.0430022213777192,2.90644670278269e-05,2.90644670278269e-05,3.04792442051997e-06,3.04792442051997e-06,TRUE
"CSalpha",1737,"chr15_77037329_TCTC_T_b38","PSTPIP1","TREML4",56,"M3","M0.2","M3","M0",TRUE,TRUE,"b11",0,0,1,0,0,0,1,1,0,0,1,1,1,1,0.00329859851726744,0.0106552182907007,0.0730125674878047,0.0768180567973896,0.00011918135669518,8.60466365770744e-05,0.073012567487804,0.0768180567973898,0.00459138735333641,0.00459138735333641,4.42569521867411e-06,4.42569521867411e-06,TRUE
"CSalpha",1838,"chr5_65731966_A_G_b38","SGTB","ENSG00000254874",51,"M0.1","M3","M0","M3",TRUE,TRUE,"b21",0,0,1,1,0,0,0,1,0,0,1,1,1,1,1.03766344334575e-06,1.07298375636503e-06,0.279462657288786,0.271711099852898,0.0101624340847967,0.00746810221274814,0.279462657288787,0.271711099852899,7.97800165264849e-05,7.97800165264849e-05,2.73543096833151e-06,2.73543096833151e-06,TRUE
"CSalpha",1916,"chr7_17894690_T_C_b38","SNX13","HDDC2",53,"M0.1","M3","M0","M3",TRUE,TRUE,"b21",0,0,1,1,0,0,0,1,0,0,1,1,1,1,8.64842892199863e-07,8.05474859404673e-07,0.199503768888522,0.240050197985417,0.0152230935326632,0.00959005326723852,0.199503768888522,0.240050197985415,2.35247430606656e-05,2.35247430606656e-05,3.91396810879227e-07,3.91396810879227e-07,TRUE
"CSalpha",1922,"chr5_177959659_ACT_A_b38","ENSG00000249684","THOC3",43,"M3","M4","M3","M4",TRUE,TRUE,"b12;b22",0,1,1,1,0,1,1,1,0,1,1,1,1,1,6.2710302570201e-07,6.69395031935206e-07,0.0109044434596994,0.00851887953006847,1.02757909646873e-05,5.09354535013093e-06,0.0109044434596992,0.0085188795300685,1.44267931304519e-06,1.44267931304519e-06,3.68367722101188e-09,3.68367722101188e-09,TRUE
"CSalpha",1940,"chr1_151158615_A_G_b38","SEMA6C","FAM3A",42,"M0.2","M3","M0","M3",TRUE,TRUE,"b11",0,0,0,1,0,0,1,1,0,0,1,1,1,1,0.0110887733655602,0.00763266950789218,0.574854943849828,0.536638490717511,0.00316152029354568,0.00525986300373115,0.574854943849828,0.536638490717502,0.00623475017286553,0.00623475017286553,2.11159978637174e-08,2.11159978637174e-08,TRUE
"CSalpha",1976,"chr11_5226561_C_G_b38","OR51B6","XAGE1B",47,"Other","M0.1","Other","M0",TRUE,TRUE,"b11",0,0,0,1,0,0,0,0,0,0,0,0,1,1,0.0134233202880682,0.00932711724425275,0.833984610556477,0.863395621980315,0.0258878791321997,0.0330311991990618,0.833984610556482,0.863395621980312,0.119561991336472,0.119561991336472,3.52559601695523e-07,3.52559601695523e-07,TRUE
"CSalpha",1983,"chr12_31712600_C_T_b38","ETFBKMT","NUPR2",50,"M0.1","M3","M0","M3",TRUE,TRUE,"b21",0,0,1,1,0,0,0,1,0,0,1,1,1,1,0.00176402011394135,0.000743593503582584,0.112551223560834,0.156640014146538,0.0120926731417396,0.00500511335321229,0.112551223560834,0.156640014146537,0.00120243777091533,0.00120243777091533,5.4129808069415e-06,5.4129808069415e-06,TRUE
"CSalpha",1988,"chr14_105076883_C_T_b38","CDCA4","CPSF1",48,"M3","M0.2","M3","M0",TRUE,TRUE,"b11",0,0,1,0,0,0,1,1,0,0,1,1,1,1,0.00649869727083043,0.0110899815451499,0.418889274831551,0.560521999536335,0.000137088814360776,4.5689680020795e-05,0.418889274831545,0.560521999536334,0.00157144285796582,0.00157144285796582,7.35552370355411e-06,7.35552370355411e-06,TRUE
"CSalpha",2017,"chr2_119321202_T_C_b38","C2orf76","SMPDL3B",54,"M0.1","M3","M0","M3",TRUE,TRUE,"b21",0,0,1,1,0,0,0,1,0,0,1,1,1,1,7.36944488620916e-09,1.97740440556358e-08,0.0141717656632534,0.0158783001530177,0.0133835032318075,0.00996601924207418,0.014171765663253,0.0158783001530176,3.95181023460203e-06,3.95181023460203e-06,8.28832158015857e-07,8.28832158015857e-07,TRUE
"CSalpha",2090,"chr11_86322801_A_T_b38","HIKESHI","RRM1-AS1",48,"M4","M3","M4","M3",TRUE,TRUE,"b12;b22",1,0,1,1,1,0,1,1,1,0,1,1,1,1,1.956383294702e-07,1.14301684097074e-07,0.00952007220050256,0.0107684056041629,4.70130987011096e-07,3.52965137412966e-07,0.00952007220050273,0.0107684056041631,4.1480217735403e-08,4.1480217735403e-08,5.87770263464946e-06,5.87770263464946e-06,TRUE
"CSalpha",2095,"chr19_57727854_C_T_b38","ZNF671","PAUPAR",48,"M3","M4","M3","M4",TRUE,TRUE,"b12;b22",0,1,1,1,0,1,1,1,0,1,1,1,1,1,9.27941033841706e-05,9.29508457408852e-05,0.0114041307283913,0.00849962182439905,0.000132436876736773,0.000144958660941488,0.0114041307283912,0.00849962182439888,6.66425792509115e-05,6.66425792509115e-05,4.00520779162398e-11,4.00520779162398e-11,TRUE
"CSalpha",2111,"chr22_49944578_G_A_b38","ENSG00000278869","ARID3A",53,"M1.1","M4","M1","M4",TRUE,TRUE,"b21",1,1,1,1,1,1,0,1,1,1,1,1,1,1,1.4634858629809e-06,2.04114763209978e-06,0.00320043007114416,0.00293833509606201,0.0116155078889998,0.00783162946806853,0.00320043007114416,0.00293833509606202,9.30544434272497e-06,9.30544434272497e-06,6.83542858837854e-07,6.83542858837854e-07,TRUE
"CSalpha",2139,"chr3_58686910_G_A_b38","FAM3D","FAAP24",53,"M3","M0.2","M3","M0",TRUE,TRUE,"b11",0,0,1,0,0,0,1,1,0,0,0,0,1,1,0.00990143392333751,0.0125280978613592,0.345444637227553,0.392743983302791,2.40771175816415e-05,1.52458430246558e-05,0.345444637227556,0.392743983302797,0.387045591115137,0.387045591115137,1.90365127052598e-06,1.90365127052598e-06,TRUE
"CSalpha",2167,"chr17_5443830_TCGTG_T_b38","C1QBP","NUPR2",48,"M3","M0.1","M3","M0",TRUE,TRUE,"b21",0,0,1,1,0,0,1,0,0,0,0,0,1,1,4.19396783488948e-05,4.58009743513303e-05,0.799876770861364,0.817989493275593,0.0099392084912407,0.0171958549311627,0.799876770861359,0.817989493275594,0.0128171280929922,0.0128171280929922,9.55686054014017e-06,9.55686054014017e-06,TRUE
"CSalpha",2199,"chr19_51750853_G_A_b38","FPR2","HYDIN",60,"M0.2","Other","M0","Other",TRUE,TRUE,"b21",0,0,0,0,0,0,1,0,0,0,0,0,1,1,0.0529380107286925,0.0375694894760854,0.991504309029279,0.97207491048346,0.00698467342756819,0.0100034288128468,0.991504309029277,0.972074910483463,0.0415432489240392,0.0415432489240392,9.69851579277358e-07,9.69851579277358e-07,TRUE
"CSalpha",2205,"chr19_48798620_C_T_b38","BCAT2","PIGB",46,"M3","M0.1","M3","M0",TRUE,TRUE,"b21",0,0,1,1,0,0,1,0,0,0,1,1,1,1,0.000732390476338089,0.000978858066703638,0.705713428683962,0.730795641464655,0.00957028975755056,0.010895116290133,0.705713428683957,0.730795641464649,3.75008877548272e-06,3.75008877548272e-06,6.32392562650082e-06,6.32392562650082e-06,TRUE
"CSalpha",2244,"chr6_34147840_G_A_b38","SLC39A7","PRRX1",56,"Other","M0.2","Other","M0",TRUE,TRUE,"b21",0,0,0,0,0,0,0,1,0,0,1,1,1,1,0.315085510723257,0.369361467612666,0.25254677674612,0.334926636920209,0.0112503832707936,0.00726969799064578,0.252546776746126,0.334926636920204,0.00896492259354366,0.00896492259354366,1.76664880439173e-15,1.76664880439173e-15,TRUE
"CSalpha",2251,"chr13_42248413_G_A_b38","AKAP11","SYN3-AS1",41,"M3","M0.2","M3","M0",TRUE,TRUE,"b11",0,0,1,0,0,0,1,1,0,0,0,0,1,1,0.0094813868333302,0.014698996811189,0.827643719148854,0.718959195388283,2.97272225040477e-05,1.52495008041139e-05,0.827643719148856,0.718959195388281,0.018860219038964,0.018860219038964,2.59328963506394e-06,2.59328963506394e-06,TRUE
"CSalpha",2358,"chr6_34581481_C_T_b38","ANKS1A","ENSG00000248378",50,"M0.1","M3","M0","M3",TRUE,TRUE,"b21",0,0,1,1,0,0,0,1,0,0,0,0,1,1,1.95839245570819e-05,1.83152950223111e-05,0.54451488759921,0.656434519855455,0.0105196199237322,0.00901119370435131,0.544514887599218,0.656434519855454,0.0222261455920545,0.0222261455920545,7.91581051989492e-09,7.91581051989492e-09,TRUE
"CSalpha",2444,"chr21_36063983_G_A_b38","SETD4","IGSF21-AS1",51,"M0.2","M3","M0","M3",TRUE,TRUE,"b11",0,0,0,1,0,0,1,1,0,0,1,1,1,1,0.0111381247410402,0.00871486692017729,0.909412758591048,0.918226129719483,0.000470863377961645,0.000394288410031255,0.909412758591053,0.918226129719482,0.00320100835969582,0.00320100835969582,5.73884706361193e-11,5.73884706361193e-11,TRUE
"CSalpha",2451,"chr8_103407872_T_C_b38","DCAF13","IFNE",64,"M3","M0.2","M3","M0",TRUE,TRUE,"b11",0,0,1,0,0,0,1,1,0,0,1,1,1,1,0.00607126890244153,0.0171258999318657,0.302053423650196,0.292380661235875,0.000506928990226872,0.000505162860524379,0.302053423650191,0.292380661235876,0.00191369999108262,0.00191369999108262,1.10334667275223e-06,1.10334667275223e-06,TRUE
"CSalpha",2528,"chr3_120450401_C_T_b38","FSTL1","LRRC37A2",52,"M0.2","M1.2","M0","M1",TRUE,TRUE,"b12;b22",0,1,0,0,0,1,1,1,0,1,0,0,1,1,0.016588758662281,0.0131456245720831,0.0196052237668997,0.00576201402183287,4.38939557092286e-05,3.59384412278919e-05,0.0196052237668993,0.00576201402183306,0.567831398155412,0.567831398155412,7.62597172986438e-07,7.62597172986438e-07,TRUE
"CSalpha",2532,"chr12_56352611_AATGC_A_b38","CNPY2","ARMC10",51,"M3","M4","M3","M4",TRUE,TRUE,"b12;b22",0,1,1,1,0,1,1,1,0,1,1,1,1,1,3.75126063123551e-08,3.86207648496932e-08,0.0120576504538238,0.00875026708980957,3.34054757015854e-05,2.84027895406844e-05,0.012057650453824,0.00875026708980989,0.00458664287145383,0.00458664287145383,3.77222019241854e-14,3.77222019241854e-14,TRUE
"CSalpha",2535,"chr17_57008100_C_G_b38","DGKE","TMEM14C",49,"M3","M2.2","M3","M2",TRUE,TRUE,"b12;b22",0,1,1,1,0,1,1,1,0,1,0,0,1,1,0.00277476524997364,0.00256147779835839,0.0122504468984566,0.00597824813134716,3.09515966895097e-08,3.68679926947433e-08,0.0122504468984569,0.00597824813134707,0.330431223751473,0.330431223751473,4.57717101299713e-16,4.57717101299713e-16,TRUE
"CSalpha",2546,"chr19_39315693_C_A_b38","LRFN1","ENSG00000225458",58,"M0.2","M3","M0","M3",TRUE,TRUE,"b11",0,0,0,1,0,0,1,1,0,0,1,1,1,1,0.0101909612134838,0.00691616197085299,0.704333287210246,0.68292626730625,3.59475939419733e-07,4.46574443299755e-07,0.704333287210249,0.682926267306249,0.00103087087128253,0.00103087087128253,5.07774311691533e-15,5.07774311691533e-15,TRUE
"CSalpha",2551,"chr12_2690821_C_T_b38","CACNA1C-AS1","ENSG00000253778",49,"M3","M4","M3","M4",TRUE,TRUE,"b12;b22",0,1,1,1,0,1,1,1,0,1,1,1,1,1,0.00525353184643622,0.00586944277810096,0.0133274872227572,0.0072275863969102,0.0060809159469131,0.00712141513402319,0.0133274872227568,0.0072275863969102,1.34103780421776e-05,1.34103780421776e-05,5.26758973431417e-06,5.26758973431417e-06,TRUE
"CSalpha",2620,"chr6_30106972_C_T_b38","ATAT1","NPPC",47,"M3","M0.2","M3","M0",TRUE,TRUE,"b11",0,0,1,0,0,0,1,1,0,0,0,0,1,1,0.00680107599827255,0.0100813778876337,0.628280511036128,0.712252727857462,0.00162099482769181,0.0013745967160228,0.62828051103613,0.71225272785746,0.0723904694201832,0.0723904694201832,3.09241728809574e-07,3.09241728809574e-07,TRUE
"CSalpha",2703,"chr22_50224992_C_T_b38","MAPK12","FAM74A1",45,"M0.2","Other","M0","Other",TRUE,TRUE,"b21",0,0,0,0,0,0,1,0,0,0,0,0,1,1,0.0385435481758041,0.0508398544667905,0.481028759527886,0.44971761419139,0.00945344838862231,0.0102375900519534,0.481028759527888,0.449717614191392,0.167758570095028,0.167758570095028,1.06925365780255e-06,1.06925365780255e-06,TRUE
"CSalpha",2740,"chr5_73160344_G_A_b38","TMEM171","ENSG00000229750",46,"M0.1","M3","M0","M3",TRUE,TRUE,"b21",0,0,1,1,0,0,0,1,0,0,1,1,1,1,0.000917145808123543,0.000548318003079077,0.544668425803481,0.597594943516744,0.0122947675601062,0.00960684046820191,0.544668425803476,0.59759494351674,0.000287427949561416,0.000287427949561416,4.81835272971428e-06,4.81835272971428e-06,TRUE
"CSalpha",2741,"chr12_55573904_G_C_b38","ANKRD52","ENSG00000259437",60,"Other","M0.2","Other","M0",TRUE,TRUE,"b21",0,0,0,0,0,0,0,1,0,0,1,1,1,1,0.0295698060544872,0.0279613636096862,0.732044825992174,0.732175433013879,0.013095518052638,0.00895696302386185,0.73204482599217,0.732175433013878,0.00864082969803542,0.00864082969803542,2.10168539787357e-06,2.10168539787357e-06,TRUE
"CSalpha",2742,"chr12_92956900_C_G_b38","ENSG00000257322","LINC01561",53,"M3","M0.2","M3","M0",TRUE,TRUE,"b11",0,0,1,0,0,0,1,1,0,0,0,0,1,1,0.00585815501776916,0.0100078356483364,0.424202341739608,0.402833834254733,8.13634962441679e-08,4.26933287987245e-08,0.424202341739612,0.402833834254733,0.126028524021433,0.126028524021433,8.40049796241373e-14,8.40049796241373e-14,TRUE
"CSalpha",2748,"chr2_10466996_A_C_b38","ODC1","ENSG00000261426",53,"M3","M0.2","M3","M0",TRUE,TRUE,"b11",0,0,1,0,0,0,1,1,0,0,0,0,1,1,0.0094150821074103,0.0103239576060531,0.264185495549438,0.338722549830621,0.000716912091824495,0.00084448667318539,0.26418549554944,0.338722549830623,0.0768570588248517,0.0768570588248517,3.85487220719749e-06,3.85487220719749e-06,TRUE
"CSalpha",2769,"chr6_39818136_G_A_b38","DAAM2","CACNA1B",66,"M0.2","M3","M0","M3",TRUE,TRUE,"b11",0,0,0,1,0,0,1,1,0,0,0,0,1,1,0.0123673440871432,0.00995744379714037,0.3897691734196,0.395918259892476,1.92466260704739e-19,1.23126445154737e-19,0.389769173419596,0.395918259892476,0.88993087221309,0.88993087221309,3.39985972791635e-45,3.39985972791635e-45,TRUE
"CSalpha",2803,"chr4_165349860_T_A_b38","CPE","HIGD1B",49,"M2.2","M3","M2","M3",TRUE,TRUE,"b12;b22",1,0,1,1,1,0,1,1,1,0,0,0,1,1,0.0038328666403096,0.00661891102759064,0.00544912423505393,0.0104249415714347,8.85093743424472e-07,1.45595753380665e-06,0.00544912423505393,0.0104249415714346,0.305871084303193,0.305871084303193,6.59537484074079e-06,6.59537484074079e-06,TRUE
"CSalpha",2820,"chr11_47428947_T_C_b38","PSMC3","TM2D3",45,"M3","M0.1","M3","M0",TRUE,TRUE,"b21",0,0,1,1,0,0,1,0,0,0,1,1,1,1,0.000484225350935145,0.000374177392278192,0.124830201106952,0.175102551253397,0.00878762695643422,0.0103798479663085,0.124830201106952,0.175102551253397,0.000642730558360554,0.000642730558360554,1.01823655011565e-06,1.01823655011565e-06,TRUE
"CSalpha",2839,"chr10_8487232_G_A_b38","GATA3","LINC02098",59,"M3","M4","M3","M4",TRUE,TRUE,"b12;b22",0,1,1,1,0,1,1,1,0,1,1,1,1,1,1.76452846721742e-07,1.36566598448982e-07,0.0116297284929435,0.00994766370316646,2.01942824213827e-18,1.48086519768776e-18,0.0116297284929434,0.00994766370316659,0.00212761323708264,0.00212761323708264,1.33445624382593e-29,1.33445624382593e-29,TRUE
"CSalpha",2922,"chr5_134936365_T_C_b38","PCBD2","SLC37A4",56,"M3","M0.1","M3","M0",TRUE,TRUE,"b21",0,0,1,1,0,0,1,0,0,0,1,1,1,1,0.000155029018214632,0.000119033025496215,0.197560265840758,0.203501235322468,0.00936563882021385,0.0104086412652591,0.197560265840757,0.203501235322469,6.20705924588214e-05,6.20705924588214e-05,7.20569114812024e-06,7.20569114812024e-06,TRUE
"CSalpha",2940,"chr12_49005079_G_A_b38","DDN-AS1","GOLM2",55,"M0.1","Other","M0","Other",TRUE,TRUE,"b11",0,0,1,0,0,0,0,0,0,0,1,1,1,1,0.00765765521978192,0.0103845126692511,0.817508055365877,0.89513590318822,0.0321653145228562,0.0265802609040474,0.817508055365875,0.895135903188216,0.00010492805845317,0.00010492805845317,6.52129096365276e-06,6.52129096365276e-06,TRUE
"CSalpha",3008,"chrX_124438382_T_C_b38","STAG2","ENSG00000223870",59,"M3","M0.2","M3","M0",TRUE,TRUE,"b11",0,0,1,0,0,0,1,1,0,0,0,0,1,1,0.00925603412850399,0.0120300443420272,0.018010537554488,0.0177192096408946,1.62836760233762e-06,1.50244697899058e-06,0.0180105375544879,0.017719209640895,0.522621608499613,0.522621608499613,1.96195265326308e-19,1.96195265326308e-19,TRUE
"CSalpha",3028,"chr5_126840059_G_C_b38","MARCHF3","F8A1",59,"M0.2","M3","M0","M3",TRUE,TRUE,"b11",0,0,0,1,0,0,1,1,0,0,0,0,1,1,0.0149561085126383,0.00944871728590551,0.877306122671787,0.920094334832065,0.000805888013118594,0.000952311715595515,0.877306122671781,0.920094334832064,0.135885807322617,0.135885807322617,6.10375709497994e-08,6.10375709497994e-08,TRUE
"CSalpha",3173,"chr9_72260385_A_G_b38","CEMIP2","ATP6V0E2-AS1",64,"Other","M0.2","Other","M0",TRUE,TRUE,"b21",0,0,0,0,0,0,0,1,0,0,0,0,1,1,0.651722038185368,0.634237526682033,0.655307754617737,0.712256600481292,0.0108375162553635,0.00796408671849171,0.655307754617743,0.712256600481296,0.920830050549328,0.920830050549328,4.7575877695548e-06,4.7575877695548e-06,TRUE
"CSalpha",3195,"chr11_46738021_A_G_b38","ARHGAP1","TTTY14",45,"M0.1","M3","M0","M3",TRUE,TRUE,"b21",0,0,1,1,0,0,0,1,0,0,1,1,1,1,0.00330376747025067,0.00219438312204345,0.442376232078167,0.582102770223334,0.0296440564720463,0.000340769541429533,0.442376232078172,0.582102770223338,0.00647699917677937,0.00647699917677937,4.80028067618965e-06,4.80028067618965e-06,TRUE
"CSalpha",3198,"chr7_123762525_G_A_b38","WASL","LINC02719",51,"M0.2","M3","M0","M3",TRUE,TRUE,"b11",0,0,0,1,0,0,1,1,0,0,0,0,1,1,0.0105576810544809,0.00945981377518939,0.883895634094444,0.878812147313572,2.91690103795388e-05,2.55299749509426e-05,0.883895634094447,0.878812147313573,0.0336541251929182,0.0336541251929182,1.6804742962451e-07,1.6804742962451e-07,TRUE
"CSalpha",3211,"chr3_100234575_T_C_b38","TBC1D23","ENSG00000268618",61,"Other","M0.2","Other","M0",TRUE,TRUE,"b21",0,0,0,0,0,0,0,1,0,0,0,0,1,1,0.0250165423835083,0.0281606150496636,0.676451434057014,0.59730673081887,0.0105353133341098,0.00994132893075422,0.676451434057012,0.597306730818864,0.0166733162982351,0.0166733162982351,2.99246475656634e-06,2.99246475656634e-06,TRUE
"CSalpha",3222,"chrX_19770470_T_C_b38","RPS6KA3","ENSG00000234211",58,"Other","M0.2","Other","M0",TRUE,TRUE,"b21",0,0,0,0,0,0,0,1,0,0,1,1,1,1,0.0176519658882867,0.012703483241381,0.595384529233821,0.683503725445208,0.0107094484961128,0.00964222165209203,0.595384529233822,0.683503725445207,0.00660230085787335,0.00660230085787335,6.09558211061099e-07,6.09558211061099e-07,TRUE
