"method","sample_size","effect_size","metric","observed","denominator","boot_lo95","boot_q1","boot_median","boot_q3","boot_hi95","n_resamples"
"MRGN",50,"small","Precision",0,1,0,0,0,0,0,1281
"MRGN",50,"small","Recall",0,60,0,0,0,0,0,2000
"MRGN",50,"medium","Precision",0.818181818181818,11,0.571428571428571,0.75,0.833333333333333,0.9,1,2000
"MRGN",50,"medium","Recall",0.15,60,0.0666666666666667,0.116666666666667,0.15,0.183333333333333,0.25,2000
"MRGN",50,"large","Precision",0.838709677419355,31,0.722222222222222,0.8,0.84,0.882352941176471,0.961538461538462,2000
"MRGN",50,"large","Recall",0.433333333333333,60,0.3,0.383333333333333,0.433333333333333,0.466666666666667,0.566666666666667,2000
"MRGN",150,"small","Precision",0.555555555555556,9,0.2,0.444444444444444,0.571428571428571,0.666666666666667,0.857142857142857,2000
"MRGN",150,"small","Recall",0.0833333333333333,60,0.0166666666666667,0.05,0.0833333333333333,0.1,0.15,2000
"MRGN",150,"medium","Precision",0.581395348837209,43,0.470525657071339,0.545454545454545,0.580697674418605,0.617177722152691,0.692307692307692,2000
"MRGN",150,"medium","Recall",0.416666666666667,60,0.3,0.383333333333333,0.416666666666667,0.45,0.533333333333333,2000
"MRGN",150,"large","Precision",0.710144927536232,69,0.645569620253165,0.686567164179104,0.710144927536232,0.734375,0.78125,2000
"MRGN",150,"large","Recall",0.816666666666667,60,0.716666666666667,0.783333333333333,0.816666666666667,0.85,0.916666666666667,2000
"MRGN",300,"small","Precision",0.578947368421053,19,0.363636363636364,0.5,0.578947368421053,0.647794117647059,0.777898550724637,2000
"MRGN",300,"small","Recall",0.183333333333333,60,0.0833333333333333,0.15,0.183333333333333,0.216666666666667,0.283333333333333,2000
"MRGN",300,"medium","Precision",0.707692307692308,65,0.63768115942029,0.683333333333333,0.709677419354839,0.73359375,0.784642857142857,2000
"MRGN",300,"medium","Recall",0.766666666666667,60,0.65,0.733333333333333,0.766666666666667,0.8,0.866666666666667,2000
"MRGN",300,"large","Precision",0.723684210526316,76,0.666666666666667,0.703703703703704,0.723684210526316,0.746666666666667,0.788732394366197,2000
"MRGN",300,"large","Recall",0.916666666666667,60,0.85,0.9,0.916666666666667,0.95,0.983333333333333,2000
"MRGN",670,"small","Precision",0.604651162790698,43,0.5,0.571428571428571,0.604651162790698,0.645833333333333,0.71875,2000
"MRGN",670,"small","Recall",0.433333333333333,60,0.316666666666667,0.4,0.433333333333333,0.483333333333333,0.566666666666667,2000
"MRGN",670,"medium","Precision",0.708860759493671,79,0.655172413793103,0.691358024691358,0.708860759493671,0.72972972972973,0.769230769230769,2000
"MRGN",670,"medium","Recall",0.933333333333333,60,0.866666666666667,0.916666666666667,0.933333333333333,0.95,0.983333333333333,2000
"MRGN",670,"large","Precision",0.769230769230769,78,0.714285714285714,0.75,0.769230769230769,0.789473684210526,0.833333333333333,2000
"MRGN",670,"large","Recall",1,60,1,1,1,1,1,2000
"MRGN",1000,"small","Precision",0.564516129032258,62,0.491228070175439,0.53968253968254,0.565217391304348,0.590909090909091,0.637966365178067,2000
"MRGN",1000,"small","Recall",0.583333333333333,60,0.466666666666667,0.55,0.583333333333333,0.633333333333333,0.7,2000
"MRGN",1000,"medium","Precision",0.734177215189873,79,0.681818181818182,0.716049382716049,0.734177215189873,0.754171057253249,0.8,2000
"MRGN",1000,"medium","Recall",0.966666666666667,60,0.916666666666667,0.95,0.966666666666667,0.983333333333333,1,2000
"MRGN",1000,"large","Precision",0.797297297297297,74,0.740190746753247,0.777412280701754,0.797297297297297,0.819444444444444,0.857142857142857,2000
"MRGN",1000,"large","Recall",0.983333333333333,60,0.95,0.966666666666667,0.983333333333333,1,1,2000
"MRPC",50,"small","Recall",0,60,0,0,0,0,0,2000
"MRPC",50,"medium","Precision",1,8,1,1,1,1,1,2000
"MRPC",50,"medium","Recall",0.133333333333333,60,0.05,0.1,0.133333333333333,0.166666666666667,0.216666666666667,2000
"MRPC",50,"large","Precision",1,29,1,1,1,1,1,2000
"MRPC",50,"large","Recall",0.483333333333333,60,0.366666666666667,0.45,0.483333333333333,0.533333333333333,0.616666666666667,2000
"MRPC",150,"small","Precision",1,2,1,1,1,1,1,1757
"MRPC",150,"small","Recall",0.0333333333333333,60,0,0.0166666666666667,0.0333333333333333,0.05,0.0833333333333333,2000
"MRPC",150,"medium","Precision",1,24,1,1,1,1,1,2000
"MRPC",150,"medium","Recall",0.4,60,0.3,0.366666666666667,0.4,0.433333333333333,0.5,2000
"MRPC",150,"large","Precision",0.941176470588235,51,0.88,0.923076923076923,0.942307692307692,0.961538461538462,1,2000
"MRPC",150,"large","Recall",0.8,60,0.7,0.766666666666667,0.8,0.833333333333333,0.9,2000
"MRPC",300,"small","Precision",1,5,1,1,1,1,1,1983
"MRPC",300,"small","Recall",0.0833333333333333,60,0.0166666666666667,0.0666666666666667,0.0833333333333333,0.1,0.166666666666667,2000
"MRPC",300,"medium","Precision",0.944444444444444,36,0.864834152334152,0.921052631578947,0.945945945945946,0.971428571428571,1,2000
"MRPC",300,"medium","Recall",0.566666666666667,60,0.45,0.516666666666667,0.566666666666667,0.616666666666667,0.683333333333333,2000
"MRPC",300,"large","Precision",0.924528301886792,53,0.862068965517241,0.903846153846154,0.925925925925926,0.945454545454545,0.981132075471698,2000
"MRPC",300,"large","Recall",0.816666666666667,60,0.733333333333333,0.783333333333333,0.816666666666667,0.85,0.9,2000
"MR-GGI",50,"small","Recall",0,60,0,0,0,0,0,2000
"MR-GGI",50,"medium","Precision",0.666666666666667,9,0.374107142857143,0.571428571428571,0.666666666666667,0.777777777777778,1,1999
"MR-GGI",50,"medium","Recall",0.1,60,0.0333333333333333,0.0666666666666667,0.1,0.133333333333333,0.183333333333333,2000
"MR-GGI",50,"large","Precision",0.696969696969697,33,0.580645161290323,0.657142857142857,0.694444444444444,0.733333333333333,0.8125,2000
"MR-GGI",50,"large","Recall",0.383333333333333,60,0.266666666666667,0.35,0.383333333333333,0.416666666666667,0.5,2000
"MR-GGI",150,"small","Precision",0.666666666666667,3,0,0.5,0.666666666666667,1,1,1912
"MR-GGI",150,"small","Recall",0.0333333333333333,60,0,0.0166666666666667,0.0333333333333333,0.05,0.0833333333333333,2000
"MR-GGI",150,"medium","Precision",0.692307692307692,26,0.565217391304348,0.645161290322581,0.692307692307692,0.739130434782609,0.826086956521739,2000
"MR-GGI",150,"medium","Recall",0.3,60,0.216666666666667,0.266666666666667,0.3,0.333333333333333,0.383333333333333,2000
"MR-GGI",150,"large","Precision",0.686274509803922,51,0.634615384615385,0.666666666666667,0.686274509803922,0.705882352941177,0.745098039215686,2000
"MR-GGI",150,"large","Recall",0.583333333333333,60,0.516666666666667,0.566666666666667,0.583333333333333,0.6,0.65,2000
"MR-GGI",300,"small","Precision",0.75,4,0,0.6,0.75,1,1,1976
"MR-GGI",300,"small","Recall",0.05,60,0,0.0333333333333333,0.05,0.0666666666666667,0.1,2000
"MR-GGI",300,"medium","Precision",0.837209302325581,43,0.75,0.808510638297872,0.837209302325581,0.870122630992196,0.926829268292683,2000
"MR-GGI",300,"medium","Recall",0.6,60,0.516666666666667,0.566666666666667,0.6,0.633333333333333,0.683333333333333,2000
"MR-GGI",300,"large","Precision",0.727272727272727,55,0.678571428571429,0.709090909090909,0.727272727272727,0.745454545454545,0.788461538461538,2000
"MR-GGI",300,"large","Recall",0.666666666666667,60,0.616666666666667,0.65,0.666666666666667,0.683333333333333,0.716666666666667,2000
"MR-GGI",670,"small","Precision",0.769230769230769,13,0.555555555555556,0.705882352941177,0.769230769230769,0.846153846153846,1,2000
"MR-GGI",670,"small","Recall",0.166666666666667,60,0.1,0.133333333333333,0.166666666666667,0.2,0.25,2000
"MR-GGI",670,"medium","Precision",0.731707317073171,41,0.644444444444444,0.702127659574468,0.733333333333333,0.763157894736842,0.829268292682927,2000
"MR-GGI",670,"medium","Recall",0.5,60,0.416666666666667,0.466666666666667,0.5,0.533333333333333,0.583333333333333,2000
"MR-GGI",670,"large","Precision",0.711864406779661,59,0.677966101694915,0.694915254237288,0.711864406779661,0.724137931034483,0.758620689655172,2000
"MR-GGI",670,"large","Recall",0.7,60,0.666666666666667,0.683333333333333,0.7,0.716666666666667,0.75,2000
"MR-GGI",1000,"small","Precision",0.588235294117647,17,0.388888888888889,0.526315789473684,0.588235294117647,0.666666666666667,0.8,2000
"MR-GGI",1000,"small","Recall",0.166666666666667,60,0.0833333333333333,0.133333333333333,0.166666666666667,0.2,0.25,2000
"MR-GGI",1000,"medium","Precision",0.822222222222222,45,0.745098039215686,0.795454545454545,0.822222222222222,0.851063829787234,0.906976744186046,2000
"MR-GGI",1000,"medium","Recall",0.616666666666667,60,0.55,0.6,0.616666666666667,0.65,0.683333333333333,2000
"MR-GGI",1000,"large","Precision",0.714285714285714,56,0.677966101694915,0.701754385964912,0.714285714285714,0.727272727272727,0.769230769230769,2000
"MR-GGI",1000,"large","Recall",0.666666666666667,60,0.666666666666667,0.666666666666667,0.666666666666667,0.666666666666667,0.666666666666667,2000
"GMAC",50,"small","Precision",0.583333333333333,36,0.451612903225806,0.540540540540541,0.581395348837209,0.625,0.705918220946915,2000
"GMAC",50,"small","Recall",0.35,60,0.233333333333333,0.316666666666667,0.35,0.383333333333333,0.466666666666667,2000
"GMAC",50,"medium","Precision",0.755102040816326,49,0.66,0.723404255319149,0.755555555555556,0.788461538461538,0.850026595744681,2000
"GMAC",50,"medium","Recall",0.616666666666667,60,0.5,0.583333333333333,0.616666666666667,0.666666666666667,0.733333333333333,2000
"GMAC",50,"large","Precision",0.80952380952381,63,0.733333333333333,0.782608695652174,0.80952380952381,0.833333333333333,0.890625,2000
"GMAC",50,"large","Recall",0.85,60,0.75,0.816666666666667,0.85,0.883333333333333,0.933333333333333,2000
"GMAC",150,"small","Precision",0.632352941176471,68,0.569230769230769,0.610334580673564,0.632352941176471,0.655313736574336,0.7,2000
"GMAC",150,"small","Recall",0.716666666666667,60,0.6,0.683333333333333,0.716666666666667,0.75,0.833333333333333,2000
"GMAC",150,"medium","Precision",0.652173913043478,69,0.587301587301587,0.63013698630137,0.651515151515151,0.671939036885246,0.716707746478873,2000
"GMAC",150,"medium","Recall",0.75,60,0.633333333333333,0.716666666666667,0.75,0.783333333333333,0.85,2000
"GMAC",150,"large","Precision",0.746835443037975,79,0.69047619047619,0.728395061728395,0.746835443037975,0.766233766233766,0.810810810810811,2000
"GMAC",150,"large","Recall",0.983333333333333,60,0.95,0.966666666666667,0.983333333333333,1,1,2000
"GMAC",300,"small","Precision",0.552238805970149,67,0.484836647727273,0.531013257575758,0.550724637681159,0.573333333333333,0.611940298507463,2000
"GMAC",300,"small","Recall",0.616666666666667,60,0.5,0.566666666666667,0.616666666666667,0.654166666666667,0.733333333333333,2000
"GMAC",300,"medium","Precision",0.6625,80,0.614437294633078,0.645569620253165,0.6625,0.67948717948718,0.710843373493976,2000
"GMAC",300,"medium","Recall",0.883333333333333,60,0.8,0.85,0.883333333333333,0.916666666666667,0.966666666666667,2000
"GMAC",300,"large","Precision",0.702380952380952,84,0.655555555555556,0.686046511627907,0.702380952380952,0.719512195121951,0.756410256410256,2000
"GMAC",300,"large","Recall",0.983333333333333,60,0.95,0.966666666666667,0.983333333333333,1,1,2000
"GMAC",670,"small","Precision",0.564102564102564,78,0.513157894736842,0.546666666666667,0.564102564102564,0.581568899687608,0.611764705882353,2000
"GMAC",670,"small","Recall",0.733333333333333,60,0.616666666666667,0.7,0.733333333333333,0.766666666666667,0.833333333333333,2000
"GMAC",670,"medium","Precision",0.681818181818182,88,0.645161290322581,0.666666666666667,0.681818181818182,0.697674418604651,0.731707317073171,2000
"GMAC",670,"medium","Recall",1,60,1,1,1,1,1,2000
"GMAC",670,"large","Precision",0.72289156626506,83,0.674157303370786,0.705882352941177,0.72289156626506,0.740740740740741,0.779220779220779,2000
"GMAC",670,"large","Recall",1,60,1,1,1,1,1,2000
"GMAC",1000,"small","Precision",0.578313253012048,83,0.538461538461538,0.564102564102564,0.578313253012048,0.592592592592593,0.620253164556962,2000
"GMAC",1000,"small","Recall",0.8,60,0.7,0.766666666666667,0.8,0.833333333333333,0.883333333333333,2000
"GMAC",1000,"medium","Precision",0.705882352941177,85,0.659340659340659,0.689655172413793,0.705882352941177,0.72289156626506,0.759493670886076,2000
"GMAC",1000,"medium","Recall",1,60,1,1,1,1,1,2000
"GMAC",1000,"large","Precision",0.731707317073171,82,0.681818181818182,0.714285714285714,0.731707317073171,0.75,0.789473684210526,2000
"GMAC",1000,"large","Recall",1,60,1,1,1,1,1,2000
